from,to
ts,gh
ts,fl
ts,ss
ts,zdfn
ts,wdr
ts,el
ts,st
ts,tvt
ts,ef
ts,we
ts,rn
ts,dsui
lm,dsui
ts,lm
fl,qcc
khu,qcc
sky,qcc
ts,khu
fl,pt
ts,lnb
fl,lnb
ts,kt
ts,www
fl,www
fl,kt
fl,ts
fl,rtlii
fl,dn
fl,nyt
fl,wdr
fl,el
fl,gh
fl,kcn
ts,kcn
el,kcn
wdr,kt
pros,lnb
fl,st
st,lol
ts,lol
khu,pt
fl,wwds
ard,wwds
ts,pks
swr,pks
fl,sz
yt,el
yt,pks
yt,www
mdr,sz
jb,rb
jb,re
jb,hr
jb,e
jb,sati
jb,zdfk
jb,zdf
jb,zdfn
jb,zdfmr
jb,wdr
jb,fuf
os,fuf
os,zdfn
os,wdr
os,re
os,ndr
os,ndrf
os,pros
jb,dhss
e,dhss
sati,dhss
jb,rub
zdfk,rub
jb,neomr
zdf,neomr
jb,neom
zdfn,neom
jb,sub
os,sub
zdfn,sub
jb,jkoj
os,jkoj
re,jkoj
jb,sus
os,sus
re,sus
os,zf
wdr,zf
os,neop
zdfn,neop
os,bo
ndrf,bo
os,ndrt
ndr,ndrt
os,dgea
ndr,dgea
os,chg
pros,chg
os,sidb
pros,sidb
os,jgk
pros,jgk
tsb,jkoj
tsb,pros
tsb,ftv
tsb,viva
tsb,neop
tsb,lnb
tsb,chg
tsb,jgk
tsb,yt
jl,viva
jl,neop
jl,pros
jl,lnb
jl,chg
jl,zdf
jl,jgk
jl,ftv
jl,yt
jl,jkoj
khu,pros
khu,lnb
khu,chg
khu,zdf
khu,jgk
khu,ftv
khu,viva
khu,neop
khu,yt
khu,jkoj
khu,rb
khu,el
khu,sati
khu,e
khu,zdf
khu,zdfn
khu,neomr
khu,neom
anse,sarü
anse,woze
anse,zeve
anse,zewi
anse,doma
anse,swäta
anse,tagze
anse,zeit
sarü,zeve
sarü,bild
sarü,taz
sarü,upfarr
sarü,zedo
sarü,woze